<?xml version="1.0" encoding="UTF-8"?><?xml-stylesheet type='text/xsl' href='_UpgradeReport_Files/UpgradeReport.xslt'?><UpgradeLog>
<Properties><Property Name="Solution" Value="Project1">
</Property><Property Name="Solution File" Value="C:\Mihai\OptimalPrograms\Automation\Deploy\2D\3803\cut2dx\Examples\Manual Arrange - After Optimization - Advanced Users\VB 2005\Project1.NET\Project1.sln">
</Property><Property Name="User Options File" Value="C:\Mihai\OptimalPrograms\Automation\Deploy\2D\3803\cut2dx\Examples\Manual Arrange - After Optimization - Advanced Users\VB 2005\Project1.NET\Project1.suo">
</Property><Property Name="Date" Value="4 februarie 2012">
</Property><Property Name="Time" Value="16:10">
</Property></Properties><Event ErrorLevel="0" Project="" Source="Project1.sln" Description="File successfully backed up as C:\Mihai\OptimalPrograms\Automation\Deploy\2D\3803\cut2dx\Examples\Manual Arrange - After Optimization - Advanced Users\VB 2005\Project1.NET\Backup\Project1.sln">
</Event><Event ErrorLevel="0" Project="" Source="Project1.suo" Description="File successfully backed up as C:\Mihai\OptimalPrograms\Automation\Deploy\2D\3803\cut2dx\Examples\Manual Arrange - After Optimization - Advanced Users\VB 2005\Project1.NET\Backup\Project1.suo">
</Event><Event ErrorLevel="0" Project="Project1" Source="Project1.vbproj" Description="Project file successfully backed up as C:\Mihai\OptimalPrograms\Automation\Deploy\2D\3803\cut2dx\Examples\Manual Arrange - After Optimization - Advanced Users\VB 2005\Project1.NET\Backup\Project1.vbproj">
</Event><Event ErrorLevel="0" Project="Project1" Source="Project1.vbproj.user" Description="Project user file successfully backed up as C:\Mihai\OptimalPrograms\Automation\Deploy\2D\3803\cut2dx\Examples\Manual Arrange - After Optimization - Advanced Users\VB 2005\Project1.NET\Backup\Project1.vbproj.user">
</Event><Event ErrorLevel="0" Project="Project1" Source="AboutBox1.Designer.vb" Description="File successfully backed up as C:\Mihai\OptimalPrograms\Automation\Deploy\2D\3803\cut2dx\Examples\Manual Arrange - After Optimization - Advanced Users\VB 2005\Project1.NET\Backup\AboutBox1.Designer.vb">
</Event><Event ErrorLevel="0" Project="Project1" Source="AboutBox1.vb" Description="File successfully backed up as C:\Mihai\OptimalPrograms\Automation\Deploy\2D\3803\cut2dx\Examples\Manual Arrange - After Optimization - Advanced Users\VB 2005\Project1.NET\Backup\AboutBox1.vb">
</Event><Event ErrorLevel="0" Project="Project1" Source="AssemblyInfo.vb" Description="File successfully backed up as C:\Mihai\OptimalPrograms\Automation\Deploy\2D\3803\cut2dx\Examples\Manual Arrange - After Optimization - Advanced Users\VB 2005\Project1.NET\Backup\AssemblyInfo.vb">
</Event><Event ErrorLevel="0" Project="Project1" Source="Form1.Designer.vb" Description="File successfully backed up as C:\Mihai\OptimalPrograms\Automation\Deploy\2D\3803\cut2dx\Examples\Manual Arrange - After Optimization - Advanced Users\VB 2005\Project1.NET\Backup\Form1.Designer.vb">
</Event><Event ErrorLevel="0" Project="Project1" Source="Form1.vb" Description="File successfully backed up as C:\Mihai\OptimalPrograms\Automation\Deploy\2D\3803\cut2dx\Examples\Manual Arrange - After Optimization - Advanced Users\VB 2005\Project1.NET\Backup\Form1.vb">
</Event><Event ErrorLevel="0" Project="Project1" Source="My Project\Application.Designer.vb" Description="File successfully backed up as C:\Mihai\OptimalPrograms\Automation\Deploy\2D\3803\cut2dx\Examples\Manual Arrange - After Optimization - Advanced Users\VB 2005\Project1.NET\Backup\My Project\Application.Designer.vb">
</Event><Event ErrorLevel="0" Project="Project1" Source="My Project\Resources.Designer.vb" Description="File successfully backed up as C:\Mihai\OptimalPrograms\Automation\Deploy\2D\3803\cut2dx\Examples\Manual Arrange - After Optimization - Advanced Users\VB 2005\Project1.NET\Backup\My Project\Resources.Designer.vb">
</Event><Event ErrorLevel="0" Project="Project1" Source="Register.Designer.vb" Description="File successfully backed up as C:\Mihai\OptimalPrograms\Automation\Deploy\2D\3803\cut2dx\Examples\Manual Arrange - After Optimization - Advanced Users\VB 2005\Project1.NET\Backup\Register.Designer.vb">
</Event><Event ErrorLevel="0" Project="Project1" Source="Register.vb" Description="File successfully backed up as C:\Mihai\OptimalPrograms\Automation\Deploy\2D\3803\cut2dx\Examples\Manual Arrange - After Optimization - Advanced Users\VB 2005\Project1.NET\Backup\Register.vb">
</Event><Event ErrorLevel="0" Project="Project1" Source="My Project\Application.myapp" Description="File successfully backed up as C:\Mihai\OptimalPrograms\Automation\Deploy\2D\3803\cut2dx\Examples\Manual Arrange - After Optimization - Advanced Users\VB 2005\Project1.NET\Backup\My Project\Application.myapp">
</Event><Event ErrorLevel="0" Project="Project1" Source="AboutBox1.resx" Description="File successfully backed up as C:\Mihai\OptimalPrograms\Automation\Deploy\2D\3803\cut2dx\Examples\Manual Arrange - After Optimization - Advanced Users\VB 2005\Project1.NET\Backup\AboutBox1.resx">
</Event><Event ErrorLevel="0" Project="Project1" Source="Form1.resX" Description="File successfully backed up as C:\Mihai\OptimalPrograms\Automation\Deploy\2D\3803\cut2dx\Examples\Manual Arrange - After Optimization - Advanced Users\VB 2005\Project1.NET\Backup\Form1.resX">
</Event><Event ErrorLevel="0" Project="Project1" Source="My Project\Resources.resx" Description="File successfully backed up as C:\Mihai\OptimalPrograms\Automation\Deploy\2D\3803\cut2dx\Examples\Manual Arrange - After Optimization - Advanced Users\VB 2005\Project1.NET\Backup\My Project\Resources.resx">
</Event><Event ErrorLevel="0" Project="Project1" Source="Register.resx" Description="File successfully backed up as C:\Mihai\OptimalPrograms\Automation\Deploy\2D\3803\cut2dx\Examples\Manual Arrange - After Optimization - Advanced Users\VB 2005\Project1.NET\Backup\Register.resx">
</Event><Event ErrorLevel="1" Project="Project1" Source="Project1.vbproj" Description="Your project is targeting .NET Framework 2.0 or 3.0. If your project uses assemblies requiring a newer .NET Framework, your project will fail to build. You can change the .NET Framework version by clicking Properties on the project menu and then selecting a new version in the '.NET Framework' dropdown box. (In Visual Basic, this is located on the Compile tab by clicking the 'Advanced Compiler Options...' button.)">
</Event><Event ErrorLevel="0" Project="Project1" Source="Project1.vbproj" Description="Project converted successfully">
</Event><Event ErrorLevel="3" Project="Project1" Source="Project1.vbproj" Description="Converted">
</Event><Event ErrorLevel="0" Project="" Source="Project1.sln" Description="Solution converted successfully">
</Event><Event ErrorLevel="3" Project="" Source="Project1.sln" Description="Converted">
</Event><Event ErrorLevel="0" Project="Project1" Source="Project1.vbproj" Description="Scan complete: Upgrade not required for project files.">
</Event></UpgradeLog>